AGE1,REGION,WEIGHT,BEDRMS,BUILT,VALUE,VACANCY,NUNITS,ROOMS,UTILITY,FMTSTRUCTURETYPE
34,4',191.7470581,4,2002,720000,-6,1,8,300,1 Single Family'
43,4',189.6714044,3,2002,550000,-6,1,5,256,1 Single Family'
60,4',171.5554818,5,2001,720000,-6,1,11,233,1 Single Family'
37,4',189.6714044,3,2001,450000,-6,1,5,152,1 Single Family'
33,4',134.8758323,4,1995,700000,-6,1,9,656.1666667,1 Single Family'
42,4',134.9591634,1,2003,-6,-6,15,3,59,3 5-19 units'
45,4',181.882954,3,2002,740000,-6,1,6,412.6666667,1 Single Family'
35,4',189.6714044,3,2003,550000,-6,1,7,331.6666667,1 Single Family'
50,4',181.882954,5,2003,1300000,-6,1,9,392.8333333,1 Single Family'
38,4',189.6714044,5,2003,1500000,-6,1,10,772.6666667,1 Single Family'
72,4',192.990499,3,2003,103000,-6,1,6,174,1 Single Family'
-9,4',93.15988959,1,2005,-6,1,15,3,0,3 5-19 units'
-9,4',124.6129681,2,2004,460000,3,1,4,772.6666667,1 Single Family'
33,4',147.0249088,1,2003,190000,-6,463,3,60.5,5 50+ units'
43,4',127.0247489,4,1995,699000,-6,1,8,322,1 Single Family'
80,4',162.7865652,2,1995,-6,-6,50,5,92,5 50+ units'
32,4',135.0975604,1,1995,-6,-6,1,3,63,1 Single Family'
53,4',164.7553126,4,2003,750000,-6,1,8,358,1 Single Family'
49,4',140.7703128,1,2005,-6,-6,25,3,20,4 20-49 units'
36,4',183.4460352,3,2003,-6,-6,1,8,185,1 Single Family'
40,4',121.2451059,2,2002,-6,-6,6,4,90.08333333,3 5-19 units'
41,4',177.4215663,4,2003,870000,-6,1,9,370.6666667,1 Single Family'
60,4',226.1751848,5,2003,870000,-6,1,9,263.6666667,1 Single Family'
64,4',234.4241027,3,2005,4414135,-6,1,8,801.8333333,1 Single Family'
86,4',140.889684,1,2002,190000,-6,9,3,65,3 5-19 units'
-9,4',84.14097519,1,2003,-6,1,36,4,90.08333333,4 20-49 units'
32,4',135.9607213,2,2000,-6,-6,46,4,135.5,4 20-49 units'
33,4',137.6293277,1,2006,-6,-6,24,3,100,4 20-49 units'
78,4',238.4099961,0,2003,-6,-6,1,1,0,1 Single Family'
39,4',133.9218981,2,2001,-6,-6,30,4,225.3333333,4 20-49 units'
46,4',194.7579841,2,2003,350000,-6,1,6,148.3333333,1 Single Family'
54,4',170.7641639,5,2005,1000000,-6,1,8,378.6666667,1 Single Family'
45,4',188.5164738,4,2005,700000,-6,1,8,364.5,1 Single Family'
62,4',204.0270778,4,2004,1500000,-6,1,8,317,1 Single Family'
-9,4',0,2,1995,-6,1,20,4,37,4 20-49 units'
67,4',182.4425569,3,2003,-6,-6,1,6,182,1 Single Family'
60,4',178.8756223,4,2005,650000,-6,1,8,346.5,1 Single Family'
50,4',181.882954,2,2003,730000,-6,1,7,358.4166667,1 Single Family'
43,4',189.6714044,3,2004,430000,-6,1,5,180,1 Single Family'
53,4',181.882954,5,2003,825000,-6,1,9,460,1 Single Family'
39,4',116.0754639,2,1995,450000,-6,8,5,66.08333333,3 5-19 units'
43,4',122.8555597,3,1995,-6,-6,1,6,140,1 Single Family'
81,4',122.2750974,2,2005,-6,-6,104,4,54,5 50+ units'
56,4',136.6388803,4,1995,600000,-6,1,7,286.6666667,1 Single Family'
47,4',181.882954,5,2004,350000,-6,1,10,328,1 Single Family'
46,4',181.882954,5,2004,350000,-6,1,11,397.25,1 Single Family'
30,4',184.6862531,4,2007,550000,-6,1,8,273.3333333,1 Single Family'
42,4',173.9357194,5,2005,1400000,-6,1,11,801.6666667,1 Single Family'
35,4',165.1353759,4,2007,410000,-6,1,7,136.3333333,1 Single Family'
29,4',175.8391709,3,2008,4414135,-6,1,5,209.6666667,1 Single Family'
45,4',173.700346,4,2003,1400000,-6,1,9,351,1 Single Family'
43,4',176.3316611,2,2004,-6,-6,1,5,118.75,1 Single Family'
42,4',167.8152673,4,2004,1000000,-6,1,8,321.1666667,1 Single Family'
67,4',117.6293243,1,2004,-6,-6,92,3,0,5 50+ units'
77,4',170.7518974,4,2004,1000000,-6,1,7,194,1 Single Family'
77,4',170.7518974,5,2004,1000000,-6,1,9,142.8333333,1 Single Family'
46,4',166.7934212,4,2005,800000,-6,1,8,249.6666667,1 Single Family'
35,4',125.0549481,2,2005,-6,-6,58,4,89.66666667,5 50+ units'
32,4',180.0445194,2,2005,-6,-6,1,4,195.6666667,1 Single Family'
67,4',174.5262331,1,2004,-6,-6,2,3,54.5,2 2-4 units'
53,4',173.700346,3,2004,1500000,-6,1,6,173.6666667,1 Single Family'
43,4',156.9769975,4,2004,699000,-6,1,8,344.3333333,1 Single Family'
40,4',167.8152673,3,2004,718000,-6,1,6,175,1 Single Family'
34,4',175.8391709,4,2006,575000,-6,1,8,446.3333333,1 Single Family'
32,4',298.7035212,2,2004,480000,-6,1,5,121,1 Single Family'
37,4',127.4239393,3,2005,-6,-6,12,5,87,3 5-19 units'
41,4',173.9357194,6,2006,4414135,-6,1,11,916.3333333,1 Single Family'
38,4',163.6631781,2,2005,300000,-6,1,4,75,1 Single Family'
-9,4',254.9936106,3,2006,1099900,5,1,8,143.3333333,1 Single Family'
43,4',173.9357194,4,2005,1700000,-6,1,11,329.3333333,1 Single Family'
32,4',128.5482524,2,2005,-6,-6,6,5,102.5833333,3 5-19 units'
36,4',127.6012987,1,2005,-6,-6,4,3,202.6666667,2 2-4 units'
53,4',160.9242924,4,2004,750000,-6,1,8,281.1666667,1 Single Family'
45,4',166.7934212,6,2005,1300000,-6,1,11,755.3333333,1 Single Family'
36,4',183.0171022,1,2005,-6,-6,1,3,62,1 Single Family'
47,4',166.7934212,5,2005,1000000,-6,1,9,255.6666667,1 Single Family'
40,4',173.9357194,6,2005,1400000,-6,1,10,641.0833333,1 Single Family'
37,4',181.6104745,1,2009,-6,-6,1,3,66,1 Single Family'
21,4',144.8186579,2,2005,-6,-6,35,4,71,4 20-49 units'
59,4',187.1004048,3,2006,330000,-6,1,5,138,1 Single Family'
47,4',166.7934212,5,2005,2000000,-6,1,11,448.6666667,1 Single Family'
50,4',175.7255571,3,2006,-6,-6,1,6,244.6666667,1 Single Family'
24,4',239.8218,1,2006,-6,-6,1,3,63,1 Single Family'
41,4',114.6349206,2,2009,-6,-6,343,6,125.6666667,5 50+ units'
30,4',175.8391709,2,2006,329000,-6,1,4,217,1 Single Family'
47,4',166.7934212,4,2006,720000,-6,1,7,293,1 Single Family'
34,4',131.4577647,2,2007,-6,-6,596,4,155,5 50+ units'
34,4',125.5287852,2,2009,-6,-6,400,4,76,5 50+ units'
59,4',144.6089895,3,2007,1400000,-6,100,6,105,5 50+ units'
34,4',175.8391709,1,2006,299000,-6,1,3,145,1 Single Family'
36,4',181.0592369,4,2008,-6,-6,1,6,481.3333333,1 Single Family'
47,4',166.7934212,4,2006,700000,-6,1,7,273,1 Single Family'
43,4',175.2199631,3,2004,-6,-6,1,5,194,1 Single Family'
38,4',173.9357194,4,2006,1100000,-6,1,8,441.6666667,1 Single Family'
26,4',309.5976466,2,2005,375000,-6,1,4,258.6666667,1 Single Family'
40,4',163.6631781,4,2006,750000,-6,1,9,416,1 Single Family'
51,4',166.7934212,4,2006,850000,-6,1,8,190.6666667,1 Single Family'
24,4',144.8186579,2,2005,-6,-6,155,4,135,5 50+ units'
35,4',173.9357194,5,2006,847000,-6,1,8,224.6666667,1 Single Family'
32,4',169.6517402,3,2003,500000,-6,1,5,175.6666667,1 Single Family'
49,4',166.7934212,4,2006,1000000,-6,1,9,400.3333333,1 Single Family'
33,4',309.5976466,3,2007,580000,-6,1,5,146.6666667,1 Single Family'
65,4',116.7920476,1,2007,-6,-6,6,3,36,3 5-19 units'
41,4',182.1724128,1,2007,-6,-6,14,3,67.5,3 5-19 units'
59,4',155.3626215,1,2007,-6,-6,155,3,101.6666667,5 50+ units'
36,4',173.9357194,4,2007,610000,-6,1,7,248.3333333,1 Single Family'
59,4',242.5001285,2,2009,-6,-6,1,4,72,1 Single Family'
57,4',187.1004048,2,2006,350000,-6,1,5,172,1 Single Family'
33,4',175.8391709,3,2008,469000,-6,1,8,132,1 Single Family'
39,4',163.6631781,2,2007,300000,-6,1,4,71,1 Single Family'
47,4',176.3707943,4,2007,900000,-6,1,8,437.1666667,1 Single Family'
19,4',207.7117661,2,2007,-6,-6,1,5,91.33333333,1 Single Family'
-9,4',88.64336561,3,2008,995000,3,2,5,148.0833333,2 2-4 units'
33,4',309.5976466,3,2009,600000,-6,1,5,126.6666667,1 Single Family'
31,4',188.1516614,1,2008,-6,-6,22,3,99.66666667,4 20-49 units'
35,4',125.4356798,2,2007,-6,-6,200,4,112.6666667,5 50+ units'
40,4',181.6104745,2,2009,-6,-6,1,4,539,1 Single Family'
56,4',187.1004048,5,2006,1200000,-6,1,10,351.6666667,1 Single Family'
30,4',175.8391709,3,2007,455000,-6,1,6,129,1 Single Family'
35,4',173.9357194,3,2007,455000,-6,1,5,142,1 Single Family'
-9,4',93.15988959,2,2009,-6,1,21,6,144.6666667,4 20-49 units'
32,4',188.5483878,1,2006,-6,-6,1,3,137,1 Single Family'
50,4',134.457902,1,2006,-6,-6,21,4,86,4 20-49 units'
64,4',199.8989257,2,2007,-6,-6,1,4,154,1 Single Family'
56,4',187.1004048,3,2010,2500000,-6,1,7,234,1 Single Family'
-9,4',119.4597451,1,2009,-6,1,1,3,155.6666667,1 Single Family'
39,4',164.4195724,5,2007,-6,-6,1,8,283,1 Single Family'
-9,4',127.1401786,3,2006,440000,3,1,5,259,1 Single Family'
38,4',182.1724128,2,2009,-6,-6,15,4,60,3 5-19 units'
47,4',166.7934212,5,2008,550000,-6,1,12,229.9166667,1 Single Family'
28,4',192.2605129,1,2010,-6,-6,100,3,137,5 50+ units'
47,4',163.3737958,3,2005,-6,-6,1,7,771,1 Single Family'
37,4',126.236256,2,2007,-6,-6,16,4,102,3 5-19 units'
44,4',126.236256,2,2007,-6,-6,16,4,199.4166667,3 5-19 units'
38,4',127.2139937,1,2008,-6,-6,12,3,72.83333333,3 5-19 units'
79,4',194.3302133,5,2008,800000,-6,1,9,258.9166667,1 Single Family'
35,4',173.9357194,3,2008,600000,-6,1,5,250.6666667,1 Single Family'
46,4',111.3343636,4,2008,-6,-6,8,6,207,3 5-19 units'
21,4',167.206085,1,2008,-6,-6,8,3,57,3 5-19 units'
26,4',131.4577647,2,2009,-6,-6,56,4,160.8333333,5 50+ units'
23,4',219.4975167,2,2009,-6,-6,1,4,113.6666667,1 Single Family'
73,4',125.92795,2,2008,-6,-6,18,4,86.83333333,3 5-19 units'
35,4',125.4356798,1,2009,-6,-6,50,3,73.91666667,5 50+ units'
29,4',116.5839328,2,2008,-6,-6,596,5,92.33333333,5 50+ units'
34,4',120.7461215,3,2009,-6,-6,18,5,124,3 5-19 units'
61,4',139.3714698,2,2009,-6,-6,400,5,99,5 50+ units'
-9,4',129.1577733,3,2007,440000,3,1,6,234,1 Single Family'
41,4',173.9357194,3,2005,425000,-6,1,7,266,1 Single Family'
28,4',125.5287852,2,2010,-6,-6,72,4,74,5 50+ units'
26,4',131.4577647,0,2008,-6,-6,72,2,30,5 50+ units'
-9,4',88.64336561,4,2008,700000,3,5,7,148.0833333,3 5-19 units'
44,4',114.2869721,2,2008,-6,-6,3,4,41,2 2-4 units'
29,4',188.1516614,2,2009,-6,-6,56,4,157,5 50+ units'
31,4',184.3753073,2,2008,-6,-6,1,5,127.4166667,1 Single Family'
30,4',184.6862531,4,2008,1000000,-6,1,6,115,1 Single Family'
30,4',180.0445194,3,2010,-6,-6,1,5,317,1 Single Family'
34,4',184.6862531,2,2009,390000,-6,1,4,183.1666667,1 Single Family'
36,4',121.2696705,2,2009,420000,-6,4,4,201,2 2-4 units'
47,4',166.7934212,4,2008,750000,-6,1,8,212,1 Single Family'
26,4',128.5482524,2,2010,-6,-6,21,5,109,4 20-49 units'
48,4',176.3707943,4,2010,1100000,-6,1,9,477.8333333,1 Single Family'
38,4',173.9357194,4,2009,650000,-6,1,8,319,1 Single Family'
39,4',173.9357194,3,2011,700000,-6,1,5,208.3333333,1 Single Family'
66,4',176.9794523,3,2011,2800000,-6,1,7,302.6666667,1 Single Family'
-9,4',127.1401786,3,2010,575000,3,1,7,66.66666667,1 Single Family'
40,4',173.9357194,4,2010,1040000,-6,1,7,204.6666667,1 Single Family'
61,4',187.1004048,4,2011,780000,-6,1,8,277.5,1 Single Family'
32,4',175.8391709,2,2011,435000,-6,1,5,156.3333333,1 Single Family'
-9,4',93.15988959,3,2011,-6,1,14,6,103,3 5-19 units'
70,4',167.5135153,4,2010,-6,-6,1,6,190,1 Single Family'
72,4',116.855183,2,1960,28000,-6,1,5,82.91666667,6 Mobile Home'
37,4',118.4290173,3,1970,-6,-6,1,5,81,6 Mobile Home'
42,4',138.8056931,2,1975,17000,-6,1,4,199.3333333,6 Mobile Home'
-9,4',73.80128352,3,1970,-6,1,1,6,81,6 Mobile Home'
36,4',205.6020915,2,1980,25000,-6,1,4,80,6 Mobile Home'
81,4',116.855183,2,1970,20000,-6,1,4,0,6 Mobile Home'
80,4',108.3967606,2,1970,-6,-6,1,5,106.6666667,6 Mobile Home'
51,4',121.3972373,2,1960,165000,-6,1,5,91,6 Mobile Home'
74,4',429.20101,2,2008,175000,-6,1,7,0,6 Mobile Home'
83,4',119.3365994,2,1970,30000,-6,1,5,115,6 Mobile Home'
55,4',106.0821539,2,1970,175000,-6,1,5,124,6 Mobile Home'
31,4',212.4841739,2,1985,175000,-6,1,4,108,6 Mobile Home'
71,4',185.4583968,2,2001,125000,-6,1,5,64.25,6 Mobile Home'
71,4',216.2512815,3,2004,100000,-6,1,5,87,6 Mobile Home'
30,4',218.3098448,2,1980,47000,-6,1,4,118,6 Mobile Home'
61,4',172.581345,4,2000,350000,-6,1,7,268.6666667,1 Single Family'
84,4',131.0361543,3,1950,10000,-6,1,6,0,6 Mobile Home'
64,4',170.2071177,2,1985,100000,-6,1,6,112.5,6 Mobile Home'
47,4',208.5845822,3,2001,85000,-6,1,6,0,6 Mobile Home'
48,4',120.4295324,2,1970,90000,-6,1,5,127.1666667,6 Mobile Home'
81,4',160.9999855,1,1985,50000,-6,1,5,124.75,6 Mobile Home'
72,4',229.7095642,2,1980,68000,-6,1,5,78.08333333,6 Mobile Home'
75,4',218.875638,2,1980,45000,-6,1,5,0,6 Mobile Home'
38,4',117.2842214,3,1975,50000,-6,1,7,71,6 Mobile Home'
-9,4',79.79264846,2,1970,46000,3,1,6,0,6 Mobile Home'
72,4',231.8986071,2,1990,174000,-6,1,6,0,6 Mobile Home'
52,4',124.4779548,3,1950,400000,-6,1,6,219,1 Single Family'
56,4',129.3531208,2,1970,-6,-6,1,5,271,6 Mobile Home'
47,4',112.4681958,2,1970,80000,-6,1,6,500.8333333,6 Mobile Home'
53,4',186.4983454,2,1980,40000,-6,1,4,0,6 Mobile Home'
80,4',119.3365994,2,1970,110000,-6,1,5,202.3333333,6 Mobile Home'
65,4',209.1999601,2,1980,150000,-6,1,6,203.1666667,6 Mobile Home'
56,4',111.6982941,3,1975,1000000,-6,1,7,173,1 Single Family'
51,4',381.3784376,3,2005,-6,-6,1,6,208.3333333,6 Mobile Home'
86,4',131.0361543,2,1975,20000,-6,1,4,492,6 Mobile Home'
78,4',124.8560197,2,1970,14500,-6,1,4,25,6 Mobile Home'
36,4',155.4749784,2,1985,8000,-6,1,4,0,6 Mobile Home'
67,4',117.6389981,1,1985,-6,-6,16,3,32,3 5-19 units'
52,4',197.2071864,4,1980,150000,-6,1,6,0,6 Mobile Home'
71,4',187.5000016,3,1995,30000,-6,1,7,83.5,6 Mobile Home'
64,4',128.0297105,2,1970,10000,-6,1,4,460,6 Mobile Home'
30,4',289.5050925,2,1990,18000,-6,1,4,0,6 Mobile Home'
51,4',154.9916344,3,2004,50000,-6,1,5,82,6 Mobile Home'
60,4',100.9459487,2,1970,9000,-6,1,4,82,6 Mobile Home'
66,4',187.5000016,2,1995,9000,-6,1,5,98,6 Mobile Home'
60,4',201.1584965,4,1995,70000,-6,1,6,0,6 Mobile Home'
60,4',100.3459029,4,1970,45000,-6,1,6,77,6 Mobile Home'
58,4',104.797752,4,1960,600000,-6,1,9,300,1 Single Family'
38,4',149.6749369,3,1985,81000,-6,1,5,147.0833333,6 Mobile Home'
30,4',328.0016888,3,1995,80000,-6,1,6,60,6 Mobile Home'
37,4',100.5559355,2,1960,-6,-6,1,4,31,1 Single Family'
48,4',162.0017365,1,1960,-6,-6,2,2,0,2 2-4 units'
49,4',113.905795,2,2008,-6,-6,3,5,83,2 2-4 units'
61,4',170.8040565,1,1940,-6,-6,1,2,0,1 Single Family'
66,3',383.1794078,3,1990,300000,-6,1,8,279.0833333,1 Single Family'
34,3',725.0387746,2,1990,-6,-6,3,4,135,2 2-4 units'
24,3',315.8606741,1,1990,-6,-6,60,3,124,5 50+ units'
69,3',383.1794078,4,1990,299000,-6,1,10,144.3333333,1 Single Family'
39,3',488.2380535,1,1990,-6,-6,8,3,95,3 5-19 units'
23,3',364.1074402,1,1990,-6,-6,12,3,104,3 5-19 units'
37,3',138.6452607,2,1995,-6,-6,14,4,71,3 5-19 units'
50,3',191.0192173,3,1995,-6,-6,10,6,252,3 5-19 units'
41,3',418.2147302,4,1990,120000,-6,1,10,382.6666667,1 Single Family'
40,3',418.2147302,3,1990,140000,-6,1,5,310.8333333,1 Single Family'
35,3',243.2290864,1,1990,-6,-6,48,3,69,4 20-49 units'
27,3',497.6783899,3,1990,80000,-6,1,5,177,1 Single Family'
79,3',383.1794078,4,1990,200000,-6,1,9,232,1 Single Family'
-9,3',363.5087712,3,1990,-6,1,1,6,0,1 Single Family'
27,3',476.2404708,3,1990,-6,-6,1,5,225.9166667,1 Single Family'
50,3',369.5549489,3,1990,130000,-6,1,7,339,1 Single Family'
60,3',384.1728779,3,1990,200000,-6,1,6,303.6666667,1 Single Family'
30,3',221.1677184,3,1995,-6,-6,1,6,444,1 Single Family'
38,3',361.1887757,3,1990,48000,-6,1,6,209.5,1 Single Family'
75,3',383.1794078,3,1990,120000,-6,1,6,110.8333333,1 Single Family'
40,3',334.6279159,5,1990,175000,-6,1,8,759,1 Single Family'
46,3',268.3558725,3,1990,-6,-6,1,8,436.6666667,1 Single Family'
48,3',369.5549489,4,1990,75000,-6,1,6,255,1 Single Family'
43,3',361.1887757,3,1990,100000,-6,1,6,152,1 Single Family'
-9,3',370.3766757,3,1990,37000,5,1,6,8,1 Single Family'
53,3',473.9720666,3,1990,100000,-6,1,5,147,1 Single Family'
58,3',384.1728779,3,1990,150000,-6,1,7,268.3333333,1 Single Family'
49,3',573.2523216,1,1990,-6,-6,8,3,78,3 5-19 units'
51,3',473.9720666,3,1990,159000,-6,1,6,210.5,1 Single Family'
33,3',355.4830106,1,1990,-6,-6,12,3,76,3 5-19 units'
48,3',369.5549489,3,1990,80000,-6,1,7,445.5,1 Single Family'
34,3',307.9026658,2,1990,-6,-6,6,5,278,3 5-19 units'
72,3',340.2860566,4,1990,120000,-6,1,7,186.3333333,1 Single Family'
42,3',212.4814675,3,1995,-6,-6,8,5,342.6666667,3 5-19 units'
50,3',369.5549489,3,1990,70000,-6,1,7,299.5,1 Single Family'
44,3',418.2147302,4,1990,210000,-6,1,8,347,1 Single Family'
37,3',418.2147302,3,1990,100000,-6,1,6,258.75,1 Single Family'
61,3',384.1728779,3,1990,89000,-6,1,5,146,1 Single Family'
22,3',309.0574171,1,1990,-6,-6,12,3,180,3 5-19 units'
67,3',383.1794078,4,1990,130000,-6,1,7,256.3333333,1 Single Family'
31,3',424.5814341,5,1990,180000,-6,1,9,386.6666667,1 Single Family'
56,3',370.6530658,3,1990,100000,-6,1,6,183.9166667,1 Single Family'
33,3',552.1176342,5,1990,80000,-6,1,7,345.4166667,1 Single Family'
52,3',369.5549489,3,1990,225000,-6,1,6,187,1 Single Family'
60,3',218.1798482,3,2002,-6,-6,1,5,224,1 Single Family'
57,3',384.1728779,3,1990,160000,-6,1,5,331.3333333,1 Single Family'
37,3',364.4050695,4,1990,-6,-6,1,7,420.6666667,1 Single Family'
50,3',369.5549489,5,1990,200000,-6,1,9,655,1 Single Family'
30,3',552.1176342,3,1990,100000,-6,1,7,299,1 Single Family'
50,3',369.5549489,3,1990,160000,-6,1,6,355.3333333,1 Single Family'
29,3',305.9675193,2,1990,-6,-6,28,4,115.8333333,4 20-49 units'
43,3',361.1887757,3,1990,170000,-6,1,8,258.6666667,1 Single Family'
57,3',152.5130164,2,1995,-6,-6,10,4,153,3 5-19 units'
51,3',369.5549489,3,1990,115000,-6,1,7,381,1 Single Family'
42,3',457.2644172,3,1990,32000,-6,1,5,136,1 Single Family'
34,3',552.1176342,3,1990,165000,-6,1,6,204,1 Single Family'
-9,3',362.4724077,3,1990,396000,3,1,6,87.83333333,1 Single Family'
61,3',279.0809527,1,1990,-6,-6,10,3,139,3 5-19 units'
42,3',360.1766293,3,1990,106000,-6,1,9,339,1 Single Family'
30,3',552.1176342,3,1990,100000,-6,1,5,527,1 Single Family'
52,3',369.5549489,4,1990,200000,-6,1,8,444.8333333,1 Single Family'
-9,3',362.4724077,3,1990,158500,3,1,5,33.33333333,1 Single Family'
29,3',344.3307616,2,1990,-6,-6,14,4,138.8333333,3 5-19 units'
60,3',370.6530658,3,1990,110000,-6,1,7,162.8333333,1 Single Family'
49,3',369.5549489,3,1990,140000,-6,1,8,351.8333333,1 Single Family'
42,3',547.7203723,5,1990,1507983,-6,1,9,275,1 Single Family'
69,3',383.1794078,4,1990,60000,-6,1,7,309.6666667,1 Single Family'
81,3',201.1436863,4,1995,680000,-6,1,8,147,1 Single Family'
55,3',384.1728779,3,1990,20000,-6,1,7,291.5,1 Single Family'
-9,3',362.4724077,4,1990,9999,3,1,7,0,1 Single Family'
46,3',369.5549489,5,1990,325000,-6,1,10,423,1 Single Family'
60,3',279.0796196,3,2003,1507983,-6,1,6,309,1 Single Family'
-9,3',363.5087712,3,1990,-6,2,1,5,224,1 Single Family'
56,3',384.1728779,3,1990,130000,-6,1,5,522.5,1 Single Family'
32,3',404.2849874,3,1990,-6,-6,1,5,296,1 Single Family'
66,3',383.1794078,4,1990,1507983,-6,1,7,402,1 Single Family'
53,3',193.141215,3,1995,67000,-6,1,7,482.3333333,1 Single Family'
57,3',392.77742,3,1990,120000,-6,1,6,187.75,1 Single Family'
48,3',179.1599812,1,1995,-6,-6,8,4,132,3 5-19 units'
55,3',381.7959896,4,1990,150000,-6,1,8,397.3333333,1 Single Family'
53,3',369.5549489,7,1990,525000,-6,1,10,298.6666667,1 Single Family'
46,3',369.5549489,3,1990,90000,-6,1,6,296.1666667,1 Single Family'
36,3',218.5723703,4,1995,145000,-6,1,7,410,1 Single Family'
36,3',334.6279159,4,1990,150000,-6,1,8,368,1 Single Family'
62,3',384.1728779,3,1990,90000,-6,1,6,259.3333333,1 Single Family'
64,3',200.7810115,4,1995,200000,-6,1,8,210.8333333,1 Single Family'
44,3',418.2147302,3,1990,150000,-6,1,5,226.5,1 Single Family'
44,3',360.1766293,2,1990,275000,-6,1,7,377,1 Single Family'
80,3',200.2617923,3,1995,150000,-6,1,6,165.3333333,1 Single Family'
50,3',369.5549489,4,1990,180000,-6,1,8,322,1 Single Family'
63,3',260.4675506,5,1990,-6,-6,1,10,458,1 Single Family'
79,3',356.4321917,3,1990,185000,-6,1,6,314.1666667,1 Single Family'
-9,3',363.5087712,3,1990,-6,1,1,7,321.6666667,1 Single Family'
60,3',400.9697064,5,1990,350000,-6,1,13,458.6666667,1 Single Family'
45,3',369.5549489,4,1990,175000,-6,1,8,409,1 Single Family'
44,3',422.1527607,4,1990,165000,-6,1,8,205,1 Single Family'
58,3',381.7959896,6,1990,175000,-6,1,11,352.3333333,1 Single Family'
-9,3',362.4724077,3,1990,26730,3,1,6,50,1 Single Family'
45,3',558.7839578,3,1990,60000,-6,1,5,191,1 Single Family'
69,3',340.2860566,3,1990,500000,-6,1,5,221.6666667,1 Single Family'
44,3',336.4077438,3,1990,-6,-6,1,6,397.3333333,1 Single Family'
50,3',369.5549489,3,1990,350000,-6,1,7,238.3333333,1 Single Family'
52,3',369.5549489,3,1990,115000,-6,1,5,369.3333333,1 Single Family'
48,3',334.5880226,3,1990,-6,-6,1,5,244.5,1 Single Family'
41,3',418.2147302,3,1990,80000,-6,1,5,307.3333333,1 Single Family'
57,3',200.7810115,3,1995,160000,-6,1,7,407.5,1 Single Family'
65,3',384.8668173,3,1990,175000,-6,1,6,473,1 Single Family'
60,3',384.1728779,4,1990,170000,-6,1,9,327,1 Single Family'
31,3',322.306782,3,1995,36000,-6,1,6,384.1666667,1 Single Family'
35,3',436.7291919,3,1990,-6,-6,1,6,293,1 Single Family'
44,3',418.2147302,4,1990,200000,-6,1,9,761,1 Single Family'
44,3',188.7687858,3,1995,120000,-6,1,7,367,1 Single Family'
58,3',384.1728779,3,1990,100000,-6,1,6,308.25,1 Single Family'
48,3',234.2299749,3,1995,200000,-6,1,7,349.0833333,1 Single Family'
73,3',201.1436863,3,1995,125000,-6,1,5,164.6666667,1 Single Family'
77,3',200.2617923,3,1995,200000,-6,1,6,327.6666667,1 Single Family'
-9,3',191.0346081,2,1990,-6,1,40,4,138.8333333,4 20-49 units'
55,3',384.1728779,5,1990,600500,-6,1,8,365,1 Single Family'
48,3',193.141215,4,1995,270000,-6,1,8,370.8333333,1 Single Family'
48,3',369.5549489,4,1990,100000,-6,1,10,477.6666667,1 Single Family'
68,3',165.0973424,4,1995,62000,-6,1,8,324,1 Single Family'
45,3',448.1738731,3,1990,103000,-6,1,7,251,1 Single Family'
47,3',193.141215,5,1995,370000,-6,1,11,404,1 Single Family'
46,3',196.8509932,3,1995,200000,-6,1,5,115,1 Single Family'
33,3',288.554303,5,1995,80000,-6,1,8,208.6666667,1 Single Family'
62,3',200.7810115,4,1995,265000,-6,1,9,314.3333333,1 Single Family'
-9,3',262.8236358,2,1990,-6,1,24,3,0,4 20-49 units'
50,3',473.9720666,5,1990,265000,-6,1,9,298,1 Single Family'
48,3',220.8812674,3,1995,-6,-6,1,5,63,1 Single Family'
63,3',201.7328431,3,1995,-6,-6,1,5,163.6666667,1 Single Family'
41,3',285.7520296,3,1990,60000,-6,1,6,194,1 Single Family'
42,3',422.1527607,5,1990,183000,-6,1,8,454.75,1 Single Family'
41,3',218.5723703,3,1995,30000,-6,1,5,319,1 Single Family'
31,3',292.3056022,1,1990,-6,-6,10,3,142.25,3 5-19 units'
70,3',384.8668173,3,1990,175000,-6,1,6,410.5,1 Single Family'
30,3',222.5665334,3,1995,-6,-6,1,6,311,1 Single Family'
57,3',370.6530658,5,1990,72000,-6,1,8,204.0833333,1 Single Family'
59,3',273.3776921,3,2004,104000,-6,1,7,315.1666667,1 Single Family'
-9,3',191.0346081,2,1990,-6,1,12,4,142.25,3 5-19 units'
45,3',376.6532105,4,1990,117000,-6,1,7,178,1 Single Family'
68,3',383.1794078,3,1990,45000,-6,1,7,344.5,1 Single Family'
68,3',200.2617923,5,1995,275000,-6,1,9,212.6666667,1 Single Family'
53,3',247.7129345,4,1995,250000,-6,1,8,263.1666667,1 Single Family'
33,3',443.5635696,2,1990,54000,-6,36,4,100,4 20-49 units'
57,3',400.9697064,3,1990,80000,-6,1,7,240.6666667,1 Single Family'
59,3',205.2780198,4,1995,200000,-6,1,9,352.4166667,1 Single Family'
64,3',392.77742,4,1990,220000,-6,1,8,302.3333333,1 Single Family'
53,3',369.5549489,3,1990,200000,-6,1,6,270.5,1 Single Family'
37,3',218.5723703,3,1995,160000,-6,1,6,367.3333333,1 Single Family'
66,3',201.1436863,2,1995,30000,-6,1,5,305.3333333,1 Single Family'
52,3',193.141215,3,1995,90000,-6,1,7,228,1 Single Family'
73,3',200.2617923,4,1995,499500,-6,1,11,520,1 Single Family'
40,3',334.6279159,6,1990,230000,-6,1,10,735.3333333,1 Single Family'
47,3',179.1599812,2,1995,-6,-6,10,4,244,3 5-19 units'
31,3',305.9675193,2,1990,-6,-6,36,5,156.5,4 20-49 units'
68,3',200.2617923,2,1995,120300,-6,1,6,291,1 Single Family'
52,3',193.141215,3,1995,289000,-6,1,6,385,1 Single Family'
56,3',339.8817265,5,1990,150000,-6,1,11,401.5,1 Single Family'
30,3',439.2412266,3,1990,70000,-6,1,6,257.5833333,1 Single Family'
47,3',448.1738731,4,1990,140000,-6,1,8,470,1 Single Family'
64,3',191.5902972,1,1995,-6,-6,8,4,106,3 5-19 units'
48,3',477.458282,3,1990,41000,-6,1,6,157,1 Single Family'
-9,3',264.218077,3,1990,-6,2,1,7,0,1 Single Family'
73,3',165.0973424,3,1995,122900,-6,1,6,296.9166667,1 Single Family'
38,3',418.2147302,3,1990,150000,-6,1,7,290.3333333,1 Single Family'
50,3',392.6162098,3,1990,-6,-6,1,6,296.1666667,1 Single Family'
-9,3',363.5087712,3,1990,-6,1,1,6,0,1 Single Family'
41,3',418.2147302,5,1990,600500,-6,1,8,239,1 Single Family'
53,3',369.5549489,3,1990,80000,-6,1,8,399.5833333,1 Single Family'
40,3',334.6279159,3,1990,60000,-6,1,7,316,1 Single Family'
55,3',200.7810115,3,1995,150000,-6,1,7,228.6666667,1 Single Family'
-9,3',362.4724077,3,1990,159900,3,1,7,37.66666667,1 Single Family'
36,3',457.2644172,4,1990,150000,-6,1,8,312.25,1 Single Family'
50,3',369.5549489,3,1990,150000,-6,1,6,310.6666667,1 Single Family'
64,3',384.1728779,4,1990,425000,-6,1,8,419.6666667,1 Single Family'
51,3',473.9720666,3,1990,112000,-6,1,6,151.8333333,1 Single Family'
66,3',383.1794078,4,1990,60000,-6,1,9,428.75,1 Single Family'
46,3',369.5549489,4,1990,750000,-6,1,12,948.6666667,1 Single Family'
50,3',370.7135008,3,1990,70000,-6,1,7,198.4166667,1 Single Family'
32,3',439.2412266,3,1990,80000,-6,1,6,291.6666667,1 Single Family'
-9,3',363.5087712,3,1990,-6,1,1,7,244.5,1 Single Family'
64,3',384.1728779,4,1990,265000,-6,1,9,325.5,1 Single Family'
69,3',383.1794078,3,1990,287000,-6,1,7,322.3333333,1 Single Family'
39,3',418.2147302,4,1990,450000,-6,1,9,525,1 Single Family'
51,3',369.5549489,3,1990,165000,-6,1,7,241.5,1 Single Family'
45,3',369.5549489,4,1990,120000,-6,1,9,267.6666667,1 Single Family'
47,3',278.5255011,4,1990,249500,-6,1,8,272.0833333,1 Single Family'
57,3',200.7810115,3,1995,30000,-6,1,9,412,1 Single Family'
49,3',343.7587659,4,1990,800000,-6,1,10,424,1 Single Family'
51,3',369.5549489,3,1990,30000,-6,1,6,377,1 Single Family'
42,3',336.4077438,2,1990,-6,-6,1,4,126,1 Single Family'
29,3',305.9675193,2,1990,-6,-6,30,5,174.1666667,4 20-49 units'
50,3',369.5549489,3,1990,290000,-6,1,9,394,1 Single Family'
56,3',209.5595703,4,1995,250000,-6,1,8,294.5833333,1 Single Family'
-9,3',362.4724077,6,1990,142400,3,1,8,51,1 Single Family'
51,3',448.1738731,4,1990,280000,-6,1,9,320.6666667,1 Single Family'
-9,3',363.5087712,4,1990,-6,2,1,7,397.3333333,1 Single Family'
35,3',422.1527607,4,1990,150000,-6,1,7,724,1 Single Family'
47,3',140.2513468,4,1995,-6,-6,1,8,588.1666667,1 Single Family'
85,3',201.1436863,4,1995,250000,-6,1,7,232.1666667,1 Single Family'
75,3',383.1794078,3,1990,1507983,-6,1,7,288.1666667,1 Single Family'
36,3',158.3172587,1,1995,-6,-6,16,3,208.5,3 5-19 units'
58,3',384.1728779,5,1990,500000,-6,1,11,390.8333333,1 Single Family'
52,3',376.6532105,3,1990,120000,-6,1,6,184,1 Single Family'
51,3',196.8509932,4,1995,430000,-6,1,8,290.6666667,1 Single Family'
72,3',340.2860566,3,1990,250000,-6,1,9,213.4166667,1 Single Family'
55,3',384.1728779,4,1990,325000,-6,1,8,308.6666667,1 Single Family'
56,3',200.7810115,4,1995,285000,-6,1,10,243,1 Single Family'
49,3',369.5549489,3,1990,205000,-6,1,6,241,1 Single Family'
46,3',369.5549489,5,1990,450000,-6,1,12,546,1 Single Family'
37,3',235.2712992,2,1990,-6,-6,10,4,171,3 5-19 units'
30,3',307.9026658,3,1990,-6,-6,6,6,324,3 5-19 units'
54,3',369.5549489,4,1990,225000,-6,1,8,303.3333333,1 Single Family'
-9,3',193.5706757,4,1995,80000,5,1,6,56.66666667,1 Single Family'
35,3',418.2147302,4,1990,200000,-6,1,7,261.3333333,1 Single Family'
42,3',177.2936762,3,1995,-6,-6,10,6,286,3 5-19 units'
50,3',234.2299749,4,1995,145000,-6,1,8,309,1 Single Family'
58,3',339.8817265,5,1990,480000,-6,1,10,535,1 Single Family'
49,3',448.1738731,4,1990,101000,-6,1,7,267.3333333,1 Single Family'
44,3',418.2147302,4,1990,300000,-6,1,8,297.1666667,1 Single Family'
45,3',278.5255011,5,1990,500000,-6,1,10,386,1 Single Family'
43,3',285.7520296,5,1990,167000,-6,1,8,432.1666667,1 Single Family'
64,3',442.9425924,4,1990,350000,-6,1,9,407,1 Single Family'
45,3',247.7129345,4,1995,400000,-6,1,9,444.5,1 Single Family'
77,3',384.8668173,3,1990,189000,-6,1,6,174,1 Single Family'
64,3',200.7810115,5,1995,400000,-6,1,11,297.9166667,1 Single Family'
42,3',364.4050695,2,1990,-6,-6,1,5,238.6666667,1 Single Family'
50,3',334.5880226,4,1990,-6,-6,1,7,336.5833333,1 Single Family'
47,3',292.0383366,3,1995,160000,-6,1,8,622,1 Single Family'
47,3',205.1937663,4,1995,-6,-6,1,7,492.1666667,1 Single Family'
32,3',613.488386,3,1990,90000,-6,1,5,315,1 Single Family'
28,3',307.9026658,3,1990,-6,-6,10,5,398,3 5-19 units'
26,3',188.2530695,1,1995,-6,-6,12,3,132.5,3 5-19 units'
24,3',616.6993738,4,1990,150000,-6,1,7,114.1666667,1 Single Family'
31,3',231.704855,1,1995,-6,-6,6,3,116,3 5-19 units'
-9,3',128.5497873,2,1995,-6,1,25,5,174.1666667,4 20-49 units'
61,3',226.6457606,2,1990,-6,-6,12,5,201,3 5-19 units'
41,3',266.1890503,5,1995,-6,-6,1,8,322.3333333,1 Single Family'
47,3',193.141215,4,1995,200000,-6,1,8,275,1 Single Family'
25,3',212.5247273,4,1995,-6,-6,1,7,227.5,1 Single Family'
51,3',247.7129345,3,1995,150000,-6,1,6,168.0833333,1 Single Family'
59,3',187.7973707,3,1995,-6,-6,38,6,256,4 20-49 units'
29,3',231.704855,3,1995,-6,-6,24,5,159,4 20-49 units'
60,3',199.5387737,4,1995,101000,-6,1,8,313.3333333,1 Single Family'
35,3',212.4814675,1,1995,-6,-6,12,4,126,3 5-19 units'
-9,3',189.9812895,3,1995,-6,2,1,5,253.6666667,1 Single Family'
55,3',384.1728779,3,1990,225000,-6,1,6,400.8333333,1 Single Family'
48,3',193.141215,4,1995,350000,-6,1,11,336,1 Single Family'
83,3',201.1436863,3,1995,150000,-6,1,7,267.4166667,1 Single Family'
43,3',218.5723703,5,1995,350000,-6,1,8,322.5,1 Single Family'
54,3',193.141215,3,1995,250000,-6,1,6,461,1 Single Family'
28,3',322.306782,3,1995,125000,-6,1,6,206,1 Single Family'
47,3',234.2299749,3,1995,145000,-6,1,6,308.3333333,1 Single Family'
35,3',212.4814675,2,1995,-6,-6,15,4,152.3333333,3 5-19 units'
51,3',130.5629453,2,1995,-6,-6,28,4,161,4 20-49 units'
-9,3',176.8576009,1,1995,-6,1,24,3,132.5,4 20-49 units'
51,3',283.8688579,1,1990,-6,-6,12,4,126.8333333,3 5-19 units'
60,3',284.7175255,1,1990,-6,-6,16,4,136,3 5-19 units'
25,3',207.1918937,2,1995,-6,-6,12,5,121.5,3 5-19 units'
47,3',194.0263116,3,1990,-6,-6,20,5,212.1666667,4 20-49 units'
36,3',218.5723703,5,1995,250000,-6,1,13,669.8333333,1 Single Family'
33,3',221.899813,5,1995,175000,-6,1,9,582.3333333,1 Single Family'
-9,3',189.4396529,3,1995,199900,3,1,6,20,1 Single Family'
52,3',232.1165606,3,1995,79000,-6,1,5,260,1 Single Family'
51,3',369.5549489,5,1990,370000,-6,1,10,755.8333333,1 Single Family'
29,3',260.1026159,3,1995,106000,-6,1,7,359.3333333,1 Single Family'
59,3',200.7810115,3,1995,330000,-6,1,6,314,1 Single Family'
46,3',283.4054527,3,1980,150000,-6,1,5,227,1 Single Family'
35,3',159.6206968,1,1985,-6,-6,20,3,208,4 20-49 units'
60,3',326.3457564,2,1970,-6,-6,4,4,202,2 2-4 units'
24,3',361.9958879,3,1990,-6,-6,14,6,170.25,3 5-19 units'
32,3',330.4985998,2,1980,140000,-6,1,5,243,1 Single Family'
-9,3',305.0830821,2,1940,-6,1,1,5,0,1 Single Family'
59,3',318.37576,3,1975,390000,-6,1,6,154,1 Single Family'
-9,3',203.0414911,2,1985,-6,1,6,4,178,3 5-19 units'
34,3',450.0279442,3,1960,95000,-6,1,7,253,1 Single Family'
-9,3',221.7510874,2,1975,-6,1,18,5,134,3 5-19 units'
28,3',391.0912411,2,1985,90000,-6,1,5,176.25,1 Single Family'
44,3',418.2147302,3,1990,115000,-6,1,7,246.3333333,1 Single Family'
34,3',383.6213469,4,1970,-6,-6,1,6,311.6666667,1 Single Family'
35,3',301.9935753,3,1970,-6,-6,1,7,226,1 Single Family'
-9,3',305.0830821,2,1970,-6,1,1,5,167,1 Single Family'
30,3',273.0318481,1,1985,-6,-6,18,4,84,3 5-19 units'
45,3',278.0645025,3,1980,75000,-6,1,5,179.5,1 Single Family'
81,3',317.5524411,3,1960,120000,-6,1,5,217.6666667,1 Single Family'
55,3',305.8523713,3,1970,20000,-6,1,5,223.6666667,6 Mobile Home'
-9,3',230.5257675,3,1985,-6,1,1,5,253.6666667,1 Single Family'
-9,3',362.4724077,2,1990,83900,3,1,4,47.91666667,1 Single Family'
83,3',262.8712569,1,1975,-6,-6,225,3,68,5 50+ units'
53,3',270.1586778,1,2000,-6,-6,10,4,122,3 5-19 units'
40,3',214.2086771,4,1985,165000,-6,1,8,492.3333333,1 Single Family'
49,3',306.2614372,5,1975,1507983,-6,1,14,877.8333333,1 Single Family'
64,3',235.0564532,3,1985,60000,-6,1,6,157.5,1 Single Family'
58,3',267.3888299,5,2001,250000,-6,1,10,298,1 Single Family'
42,3',231.0941716,3,1985,-6,-6,1,6,376.6666667,1 Single Family'
79,3',317.5524411,3,1960,500000,-6,1,6,299.3333333,1 Single Family'
50,3',234.3600622,4,1985,222000,-6,1,10,371,1 Single Family'
37,3',269.6700527,4,1975,-6,-6,1,8,299,1 Single Family'
41,3',236.1617113,3,1960,-6,-6,1,5,279.6666667,1 Single Family'
43,3',418.2147302,3,1990,120000,-6,1,6,259.8333333,1 Single Family'
42,3',166.2350781,2,1985,-6,-6,8,4,184,3 5-19 units'
23,3',238.7588872,2,1985,-6,-6,8,4,189,3 5-19 units'
59,3',299.0229115,2,1960,-6,-6,1,4,90,6 Mobile Home'
-9,3',305.0830821,1,1970,-6,1,16,3,70,3 5-19 units'
-9,3',203.0414911,1,1985,-6,1,10,3,249.4166667,3 5-19 units'
48,3',181.3002793,2,1985,-6,-6,1,4,172.5,6 Mobile Home'
55,3',372.686743,3,1940,-6,-6,1,6,0,1 Single Family'
72,3',318.9508487,2,1960,120000,-6,1,4,204,1 Single Family'
-9,3',304.2132903,3,1975,599000,3,1,6,33.33333333,1 Single Family'
71,3',317.5524411,1,1960,90000,-6,1,3,464.25,1 Single Family'
-9,3',272.7353808,4,1980,104500,3,1,6,56.08333333,1 Single Family'
89,3',282.0054151,3,1975,225000,-6,1,6,121,1 Single Family'
-9,3',304.2132903,3,1970,320000,3,1,6,48.33333333,1 Single Family'
-9,3',294.3561903,2,1980,-6,1,8,4,189,3 5-19 units'
59,3',249.087019,3,1985,120000,-6,1,5,198,1 Single Family'
49,3',176.632065,3,1985,90000,-6,1,6,253.3333333,1 Single Family'
52,3',209.6682436,6,1985,-6,-6,1,10,323.6666667,1 Single Family'
-9,3',304.2132903,2,1940,200000,3,1,4,37,1 Single Family'
-9,3',203.0414911,2,1985,-6,1,6,5,189,3 5-19 units'
34,3',350.7026881,3,1970,-6,-6,1,5,382,1 Single Family'
66,3',317.5524411,3,1960,600000,-6,1,7,399.8333333,1 Single Family'
53,3',350.2484665,3,1975,-6,-6,8,6,126,3 5-19 units'
-9,3',203.0414911,3,1985,-6,1,4,6,184,2 2-4 units'
-9,3',213.9541952,1,1980,-6,1,24,3,251.5,4 20-49 units'
-9,3',203.0414911,2,1985,-6,1,756,5,80,5 50+ units'
78,3',384.4206606,3,1970,65000,-6,1,5,177.5,1 Single Family'
80,3',288.3159642,4,1980,182000,-6,1,8,331.6666667,1 Single Family'
-9,3',230.5257675,3,1985,-6,1,1,5,199.6666667,1 Single Family'
64,3',318.37576,3,1970,90000,-6,1,6,213.8333333,1 Single Family'
69,3',243.0002632,3,1985,185000,-6,1,7,283.1666667,1 Single Family'
33,3',272.2199175,2,2000,-6,-6,8,4,96,3 5-19 units'
41,3',299.3281348,2,1950,40000,-6,1,4,190.3333333,1 Single Family'
26,3',350.1355441,3,1985,275000,-6,1,6,249,1 Single Family'
49,3',222.3946816,4,1970,-6,-6,1,9,661.5833333,1 Single Family'
60,3',235.0564532,3,1985,125000,-6,1,5,261,1 Single Family'
44,3',299.3281348,3,1975,200000,-6,1,6,239,1 Single Family'
80,3',282.0054151,3,1975,48000,-6,1,6,267.5,1 Single Family'
49,3',234.3600622,3,1985,120000,-6,1,7,293,1 Single Family'
-9,3',230.5257675,3,1985,-6,1,1,6,382,1 Single Family'
52,3',306.2614372,4,1970,260000,-6,1,9,400,1 Single Family'
43,3',346.5872794,4,1975,200000,-6,1,7,370.6666667,1 Single Family'
56,3',267.3884725,3,1980,150000,-6,1,7,302.5,1 Single Family'
27,3',344.3307616,1,1990,-6,-6,14,4,132,3 5-19 units'
-9,3',147.5816723,2,1985,-6,1,8,4,271,3 5-19 units'
21,3',202.5219473,1,1985,-6,-6,8,3,153,3 5-19 units'
42,3',269.6700527,2,1960,-6,-6,1,4,0,1 Single Family'
57,3',97.9025504,2,1985,-6,-6,12,5,253.25,3 5-19 units'
54,3',306.2614372,3,1960,52000,-6,1,6,334,1 Single Family'
62,3',318.37576,3,1950,60000,-6,1,5,432,1 Single Family'
44,3',187.9039389,2,1985,-6,-6,24,4,113,4 20-49 units'
38,3',231.4075804,2,1980,-6,-6,4,5,166,2 2-4 units'
34,3',211.292242,2,1995,-6,-6,1,4,291,1 Single Family'
-9,3',304.2132903,2,1970,10000,3,1,4,0,6 Mobile Home'
34,3',273.0318481,2,1985,-6,-6,4,5,176,2 2-4 units'
50,3',306.2614372,4,1975,110000,-6,1,7,492.6666667,1 Single Family'
39,3',277.3163416,4,1970,100000,-6,1,6,176,1 Single Family'
22,3',414.9229018,3,1950,-6,-6,1,5,141,1 Single Family'
43,3',301.9935753,3,1975,-6,-6,8,6,205,3 5-19 units'
47,3',201.9192069,4,1980,-6,-6,1,8,327.6666667,1 Single Family'
-9,3',175.2987609,3,1960,229500,3,1,6,108.3333333,1 Single Family'
36,3',243.9394958,2,1985,-6,-6,16,5,129,3 5-19 units'
58,3',145.25711,3,1960,-6,-6,1,5,318.8333333,1 Single Family'
77,3',256.6431697,3,1985,50000,-6,1,6,191,6 Mobile Home'
80,3',243.0002632,3,1985,575000,-6,1,6,206,1 Single Family'
60,3',318.37576,3,1970,80000,-6,1,6,409,1 Single Family'
55,3',243.6302906,3,1985,128000,-6,1,5,312.5,1 Single Family'
44,3',225.7828244,1,1975,-6,-6,200,3,0,5 50+ units'
27,3',405.0948319,1,1975,-6,-6,1,3,134,1 Single Family'
67,3',434.6081635,3,1960,140000,-6,1,5,172.75,1 Single Family'
57,3',289.0634816,4,1980,900000,-6,1,7,722,1 Single Family'
50,3',212.1851433,3,1985,-6,-6,1,5,212.5833333,1 Single Family'
64,3',243.6302906,3,1985,90000,-6,1,6,333.1666667,1 Single Family'
45,3',234.3600622,4,1985,42000,-6,1,8,433.3333333,1 Single Family'
68,3',317.5524411,2,1960,112000,-6,9,5,329,3 5-19 units'
43,3',265.2185568,5,1985,289000,-6,1,10,348,1 Single Family'
55,3',318.37576,3,1975,150000,-6,1,7,171.1666667,1 Single Family'
93,3',244.070365,2,1985,84000,-6,1,5,153,1 Single Family'
83,3',243.0002632,3,1985,25000,-6,1,6,198.1666667,1 Single Family'
21,3',345.5673768,2,1975,-6,-6,1,5,182,1 Single Family'
28,3',342.6763087,2,1980,-6,-6,14,5,257.3333333,3 5-19 units'
66,3',317.5524411,4,1960,145000,-6,1,9,424.3333333,1 Single Family'
56,3',243.6302906,3,1985,120000,-6,1,5,320.8333333,1 Single Family'
64,3',318.37576,2,1950,20000,-6,1,5,352.0833333,1 Single Family'
44,3',270.1537226,2,1960,-6,-6,1,4,251,6 Mobile Home'
64,3',370.5254372,3,1940,-6,-6,1,6,330,1 Single Family'
-9,3',305.0830821,2,1960,-6,1,12,4,217,3 5-19 units'
49,3',222.3946816,3,1950,-6,-6,1,7,208,1 Single Family'
48,3',359.8653293,4,2001,40000,-6,1,7,291.6666667,6 Mobile Home'
75,3',317.5524411,3,1975,165000,-6,1,6,301,1 Single Family'
40,3',265.2185568,3,1985,250000,-6,1,9,235,1 Single Family'
79,3',262.8712569,2,1919,-6,-6,1,5,174,1 Single Family'
49,3',248.9847846,1,1985,-6,-6,1,3,104.3333333,1 Single Family'
68,3',257.7733508,5,1985,73000,-6,1,8,451.6666667,6 Mobile Home'
34,3',383.6213469,4,1960,-6,-6,12,6,97,3 5-19 units'
43,3',265.2185568,4,1985,80000,-6,1,8,460,1 Single Family'
59,3',325.506606,6,1970,89000,-6,1,10,232,1 Single Family'
52,3',420.4462251,2,1980,55000,-6,1,5,213.3333333,1 Single Family'
34,3',350.1355441,3,1985,300000,-6,1,10,375,1 Single Family'
29,3',320.2479397,1,2002,-6,-6,8,4,95,3 5-19 units'
67,3',317.5524411,3,1960,535000,-6,1,7,684,1 Single Family'
77,3',317.5524411,4,1970,182000,-6,1,9,297.6666667,1 Single Family'
65,3',215.7986563,3,1985,65000,-6,1,6,446,1 Single Family'
66,3',694.3536457,2,1995,28000,-6,1,4,143.3333333,6 Mobile Home'
60,3',243.6302906,3,1985,120000,-6,1,5,281.8333333,1 Single Family'
62,3',641.1304499,3,1995,3000,-6,1,5,87,6 Mobile Home'
60,3',243.6302906,3,1985,80000,-6,1,5,213,1 Single Family'
-9,3',221.7510874,1,1960,-6,1,12,3,136,3 5-19 units'
-9,3',232.3650828,2,2000,-6,1,8,5,96,3 5-19 units'
40,3',271.0079665,3,1980,140000,-6,1,6,178.5,1 Single Family'
47,3',278.0645025,5,1980,900000,-6,1,8,654,1 Single Family'
48,3',234.3600622,3,1985,110000,-6,1,6,203,1 Single Family'
40,3',180.7177354,3,1985,-6,-6,1,6,183,1 Single Family'
41,3',299.3281348,2,1960,112000,-6,1,4,185,1 Single Family'
64,3',243.6302906,3,1985,223680,-6,1,8,252,1 Single Family'
-9,3',304.2132903,4,1975,129000,3,1,7,32.5,1 Single Family'
36,3',325.4014069,5,1990,-6,-6,1,9,373.6666667,1 Single Family'
-9,3',198.8058024,2,1980,-6,1,1,5,217,1 Single Family'
29,3',396.9771493,3,1919,-6,-6,1,6,160,1 Single Family'
58,3',296.1520572,2,1920,300000,-6,1,5,380.6666667,1 Single Family'
75,3',296.6870028,2,1970,250000,-6,200,4,272,5 50+ units'
48,3',368.0641205,2,1950,50000,-6,1,4,118,1 Single Family'
50,3',306.9526471,2,1950,-6,-6,1,4,192.9166667,1 Single Family'
74,3',296.6870028,2,1920,210000,-6,1,5,250.8333333,1 Single Family'
67,3',296.6870028,2,1940,300000,-6,1,5,423.1666667,1 Single Family'
83,3',262.3204851,3,1930,235000,-6,1,6,329.0833333,1 Single Family'
43,3',322.3943173,5,1950,1507983,-6,1,10,517.4166667,1 Single Family'
52,3',263.6227954,3,1980,250000,-6,1,6,223.8333333,1 Single Family'
-9,3',293.9208254,3,1940,19200,5,1,6,0,1 Single Family'
45,3',290.355279,4,1930,500000,-6,1,7,658.8333333,1 Single Family'
74,3',296.6870028,2,1940,300000,-6,6,4,143.4166667,3 5-19 units'
22,3',417.3431818,4,1930,-6,-6,1,7,316,1 Single Family'
65,3',243.5186337,4,1960,65000,-6,1,8,667.25,1 Single Family'
29,3',385.8590423,3,1950,-6,-6,1,6,667,1 Single Family'
58,3',309.1004344,4,1940,89000,-6,1,6,375.9166667,1 Single Family'
32,3',336.9976129,3,1930,-6,-6,1,5,365,1 Single Family'
41,3',322.3943173,5,1930,1507983,-6,1,10,526.9166667,1 Single Family'
55,3',285.7298739,3,1920,550000,-6,1,7,632.0833333,1 Single Family'
63,3',296.1520572,5,1970,375000,-6,1,8,373.3333333,1 Single Family'
51,3',365.3766589,3,1950,285000,-6,1,6,631,1 Single Family'
42,3',271.2430607,4,1920,-6,-6,1,8,671.8333333,1 Single Family'
56,3',296.1520572,4,1920,575000,-6,1,9,350,1 Single Family'
36,3',322.3943173,5,1950,1507983,-6,1,11,502.6666667,1 Single Family'
50,3',306.9526471,3,1940,-6,-6,1,6,537.8333333,1 Single Family'
73,3',243.5186337,2,1940,140000,-6,1,4,425.3333333,1 Single Family'
35,3',322.3943173,3,1940,475000,-6,1,6,653.75,1 Single Family'
44,3',280.4175523,3,1920,-6,-6,1,6,196.6666667,1 Single Family'
49,3',365.3766589,3,1950,225000,-6,1,5,268,1 Single Family'
62,3',296.1520572,4,1950,1507983,-6,1,9,822.75,1 Single Family'
53,3',275.5924305,2,1950,-6,-6,1,5,332.5,1 Single Family'
64,3',226.6240738,4,1985,700000,-6,1,10,567.75,1 Single Family'
61,3',226.6240738,3,1985,300000,-6,1,6,397.8333333,1 Single Family'
76,3',296.6870028,4,1950,900000,-6,1,10,545.75,1 Single Family'
66,3',275.0985361,3,1950,160000,-6,1,6,578.9166667,1 Single Family'
70,3',295.3862087,3,1940,750000,-6,1,6,353.3333333,1 Single Family'
33,3',475.4026083,4,1940,1507983,-6,1,11,635.75,1 Single Family'
84,3',232.0311518,3,1930,160000,-6,1,6,332.1666667,1 Single Family'
51,3',365.3766589,2,1940,120000,-6,1,5,225,1 Single Family'
37,3',322.3943173,5,1950,1507983,-6,1,8,833.5,1 Single Family'
74,3',243.5186337,2,1950,150000,-6,1,7,396,1 Single Family'
50,3',284.883355,5,1975,700000,-6,1,10,499,1 Single Family'
61,3',296.1520572,4,1920,530000,-6,1,9,357,1 Single Family'
-9,3',293.9208254,4,1919,-6,4,1,8,686.8333333,1 Single Family'
47,3',365.3766589,3,1950,430000,-6,1,7,749.3333333,1 Single Family'
47,3',223.6919284,3,1920,-6,-6,1,6,562.8333333,1 Single Family'
29,3',320.2714644,4,1980,-6,-6,1,8,676.8333333,1 Single Family'
84,3',297.8487874,3,1940,-6,-6,1,5,458.8333333,1 Single Family'
35,3',216.2956941,2,2000,-6,-6,8,4,140,3 5-19 units'
38,3',303.7551291,2,1950,-6,-6,16,4,580,3 5-19 units'
46,3',278.9006974,1,1919,-6,-6,4,3,0,2 2-4 units'
57,3',316.4059603,3,1960,53000,-6,1,7,247.8333333,1 Single Family'
59,3',332.2958032,3,1970,92000,-6,1,5,175,1 Single Family'
53,3',371.4153332,3,1950,160000,-6,1,6,179,1 Single Family'
28,3',344.4636564,1,1985,105000,-6,10,4,106,3 5-19 units'
65,3',154.5795304,2,1985,-6,-6,10,5,93,3 5-19 units'
48,3',284.2176978,3,1985,53000,-6,1,7,384,1 Single Family'
-9,3',221.7510874,1,1940,-6,1,12,3,589.1666667,3 5-19 units'
71,3',200.3312624,3,1985,90000,-6,1,8,419,1 Single Family'
58,3',318.37576,4,1975,280000,-6,1,7,740,1 Single Family'
35,3',346.5872794,5,1940,530000,-6,1,9,421,1 Single Family'
52,3',195.6979753,2,1985,133000,-6,6,5,177,3 5-19 units'
35,3',212.2104424,2,1985,27000,-6,1,5,230.0833333,1 Single Family'
36,3',237.5392624,2,1960,-6,-6,1,5,197,1 Single Family'
69,3',295.7423505,3,1975,20000,-6,1,6,255.6666667,1 Single Family'
36,3',298.4893382,3,1950,135000,-6,1,6,204.4166667,1 Single Family'
53,3',395.6842144,2,1970,30000,-6,16,5,185,3 5-19 units'
41,3',322.3943173,4,1950,700000,-6,1,8,709,1 Single Family'
63,3',316.4059603,3,1960,75000,-6,1,6,231.75,1 Single Family'
49,3',306.9526471,2,1970,-6,-6,10,5,698,3 5-19 units'
41,3',255.409653,2,1985,105000,-6,8,5,239.25,3 5-19 units'
60,3',307.1714801,3,1940,226500,-6,1,6,345.8333333,1 Single Family'
58,3',316.4059603,4,1975,280000,-6,1,7,303,1 Single Family'
48,3',275.5924305,4,1950,-6,-6,1,7,586.8333333,1 Single Family'
31,3',394.6749772,3,1960,-6,-6,1,6,258.0833333,1 Single Family'
57,3',318.37576,2,1960,94000,-6,1,6,352.6666667,1 Single Family'
36,3',346.5872794,3,1950,65000,-6,1,7,253.3333333,1 Single Family'
41,3',215.0086102,3,1980,226500,-6,1,6,299.75,1 Single Family'
28,3',407.457784,3,1960,-6,-6,5,5,0,3 5-19 units'
49,3',305.1725501,3,1960,-6,-6,1,7,498.8333333,1 Single Family'
55,3',280.900185,3,1985,25000,-6,1,6,140,1 Single Family'
23,3',275.4385348,2,1985,-6,-6,1,5,0,1 Single Family'
62,3',307.1714801,2,1940,105000,-6,1,5,238,1 Single Family'
68,3',178.5838131,2,1985,105000,-6,6,5,236.5,3 5-19 units'
43,3',205.5665817,2,1920,-6,-6,1,5,249.4166667,1 Single Family'
52,3',392.7950816,3,1950,178000,-6,1,5,355,1 Single Family'
53,3',306.2614372,3,1930,300000,-6,1,6,213.3333333,1 Single Family'
66,3',318.9508487,2,1960,300000,-6,1,5,164.4166667,1 Single Family'
30,3',457.5566925,4,1930,554000,-6,1,8,382.6666667,1 Single Family'
28,3',336.9976129,1,1919,-6,-6,1,4,299,1 Single Family'
46,3',295.416504,2,1980,-6,-6,1,6,179,1 Single Family'
36,3',346.5872794,3,1950,325000,-6,1,7,206.3333333,1 Single Family'
80,3',317.5524411,3,1970,160000,-6,1,7,263.4166667,1 Single Family'
38,3',361.9307775,3,1970,-6,-6,1,7,397,1 Single Family'
-9,3',175.2987609,2,1920,169000,3,1,5,45,1 Single Family'
51,3',392.7950816,3,1975,95000,-6,1,5,251.6666667,1 Single Family'
31,3',350.7026881,3,1950,-6,-6,1,6,317,1 Single Family'
55,3',318.37576,3,1960,180000,-6,1,6,349,1 Single Family'
-9,3',175.2987609,2,1975,119000,3,2,6,0,2 2-4 units'
69,3',226.3105545,2,1985,200000,-6,1,5,259,1 Single Family'
22,3',369.1604966,2,1950,-6,-6,10,4,204,3 5-19 units'
37,3',244.8420204,3,1980,-6,-6,1,7,217.5,1 Single Family'
26,3',335.0432774,4,1970,-6,-6,1,8,317,1 Single Family'
68,3',317.5524411,4,1960,175000,-6,1,8,393,1 Single Family'
60,3',367.0800116,4,1975,175000,-6,1,8,244.4166667,1 Single Family'
53,3',278.0645025,4,1980,400000,-6,1,9,336.75,1 Single Family'
52,3',392.7950816,3,1940,500000,-6,1,7,213.6666667,1 Single Family'
39,3',298.4893382,3,1950,185000,-6,1,6,192.6666667,1 Single Family'
75,3',318.9508487,3,1960,150000,-6,1,5,228.6666667,1 Single Family'
-9,3',175.2987609,4,1919,699000,3,1,8,21.66666667,1 Single Family'
20,3',359.9427339,3,1950,-6,-6,1,6,119.8333333,1 Single Family'
-9,3',213.9541952,3,1980,-6,1,8,5,140,3 5-19 units'
20,3',369.1604966,2,1930,-6,-6,20,4,130,4 20-49 units'
75,3',317.5524411,3,1950,300000,-6,1,7,261,1 Single Family'
34,3',457.5566925,3,1960,250000,-6,1,7,233.1666667,1 Single Family'
53,3',306.2614372,3,1960,75000,-6,1,5,210.1666667,1 Single Family'
40,3',301.9935753,3,1975,-6,-6,20,5,254,4 20-49 units'
42,3',301.9935753,3,1960,-6,-6,1,7,344,1 Single Family'
28,3',351.8635607,3,1975,89000,-6,1,7,279,1 Single Family'
-9,3',221.7510874,3,1960,-6,1,1,5,237,1 Single Family'
76,3',289.585623,2,1980,70000,-6,1,5,218,1 Single Family'
74,3',318.9508487,3,1970,40000,-6,1,7,217.5833333,1 Single Family'
47,3',312.1439827,3,1960,300000,-6,1,5,208.1666667,1 Single Family'
26,3',299.4776871,2,1970,-6,-6,115,5,172,5 50+ units'
26,3',383.6213469,2,1970,-6,-6,16,4,193,3 5-19 units'
35,3',299.3281348,3,1940,130000,-6,1,5,189.6666667,1 Single Family'
34,3',295.4147515,3,1985,-6,-6,1,7,132.3333333,1 Single Family'
63,3',332.2958032,4,1970,91000,-6,1,8,317.5,1 Single Family'
31,3',317.7129764,3,1985,-6,-6,1,7,224.9166667,1 Single Family'
51,3',234.4526552,2,1970,-6,-6,8,4,197.25,3 5-19 units'
40,3',300.5586997,4,1970,70000,-6,1,7,203,1 Single Family'
34,3',418.6144745,2,1960,100000,-6,1,6,457.75,1 Single Family'
-9,3',293.9208254,2,1950,39000,5,1,4,61.58333333,1 Single Family'
44,3',361.9307775,1,1970,-6,-6,12,4,59,3 5-19 units'
39,3',298.4893382,3,1960,150000,-6,1,5,302.6666667,1 Single Family'
32,3',143.0052014,2,1985,-6,-6,10,4,178,3 5-19 units'
58,3',294.5028119,3,1960,150000,-6,1,8,281.5833333,1 Single Family'
55,3',307.1714801,4,1950,280000,-6,1,9,430,1 Single Family'
24,3',362.04231,2,1930,-6,-6,3,4,172,2 2-4 units'
59,3',236.1370187,3,1985,-6,-6,1,5,268.8333333,1 Single Family'
35,3',269.6700527,3,1960,-6,-6,1,6,382.8333333,1 Single Family'
31,3',258.5588288,2,1985,-6,-6,20,4,68,4 20-49 units'
39,3',299.3281348,4,1960,118000,-6,1,7,237.6666667,1 Single Family'
64,3',316.4059603,3,1960,150000,-6,1,7,222.6666667,1 Single Family'
34,3',258.5588288,2,1985,-6,-6,16,4,241.5,3 5-19 units'
27,3',352.7483662,1,1930,-6,-6,5,5,0,3 5-19 units'
93,3',177.1738848,1,1985,-6,-6,115,3,44,5 50+ units'
46,3',219.2997446,2,1985,-6,-6,12,4,120,3 5-19 units'
70,3',318.9508487,3,1960,100000,-6,1,7,377.25,1 Single Family'
23,3',369.1604966,1,1975,-6,-6,50,3,161.1666667,5 50+ units'
45,3',248.7680508,3,1980,-6,-6,1,6,213,1 Single Family'
-9,3',213.9541952,1,1980,-6,1,4,3,241.5,2 2-4 units'
53,3',187.1126618,2,1985,150000,-6,101,4,123,5 50+ units'
61,3',332.2958032,3,1960,75000,-6,1,6,218.5,1 Single Family'
24,3',414.9229018,1,1970,-6,-6,8,4,98,3 5-19 units'
48,3',371.4153332,3,1960,100000,-6,1,6,241.1666667,1 Single Family'
37,3',383.2311288,3,1980,-6,-6,1,6,323,1 Single Family'
45,3',312.1439827,2,1975,100000,-6,1,5,159.3333333,1 Single Family'
-9,3',221.7510874,1,1920,-6,1,459,3,267.25,5 50+ units'
40,3',453.9125477,3,1940,120000,-6,1,6,210.9166667,1 Single Family'
39,3',301.9935753,3,1970,-6,-6,1,5,84,1 Single Family'
44,3',395.983805,4,1980,10000,-6,1,7,162,6 Mobile Home'
-9,3',305.0830821,1,1970,-6,1,1,4,179.6666667,1 Single Family'
57,3',332.2958032,3,1950,75000,-6,1,5,171,1 Single Family'
54,3',238.8615553,4,1985,240000,-6,1,7,275,1 Single Family'
49,3',234.3600622,2,1985,169000,-6,1,6,254,1 Single Family'
40,3',346.5872794,3,1950,180000,-6,1,6,371.1666667,1 Single Family'
73,3',249.4431239,4,1960,186000,-6,1,8,351.1666667,1 Single Family'
62,3',325.506606,2,1975,65000,-6,1,4,222,1 Single Family'
63,3',318.37576,3,1960,150000,-6,1,6,219.25,1 Single Family'
41,3',280.4175523,1,1960,-6,-6,35,3,210.6666667,4 20-49 units'
66,3',249.4431239,3,1950,170000,-6,1,6,316.25,1 Single Family'
35,3',278.7913391,2,1960,-6,-6,1,5,182.1666667,1 Single Family'
65,3',317.5524411,3,1950,170000,-6,1,5,133.5833333,1 Single Family'
47,3',395.6842144,3,1940,100000,-6,1,6,374.0833333,1 Single Family'
51,3',196.8509932,3,1995,100000,-6,1,6,155.9166667,1 Single Family'
47,3',302.7889439,2,1985,44000,-6,1,5,118.5,1 Single Family'
75,3',249.4431239,4,1970,240000,-6,1,7,277.8333333,1 Single Family'
47,3',371.4153332,2,1950,160000,-6,1,5,258,1 Single Family'
29,3',889.5563859,4,1995,-6,-6,1,7,120.5,6 Mobile Home'
32,3',650.2288398,3,1990,40000,-6,1,5,142,6 Mobile Home'
61,3',332.2958032,3,1950,100000,-6,1,6,255,1 Single Family'
30,3',351.8635607,4,1960,240000,-6,1,7,390,1 Single Family'
-9,3',221.7510874,2,1950,-6,1,12,4,92.5,3 5-19 units'
22,3',238.8245453,2,1960,-6,-6,2,4,218,2 2-4 units'
44,3',346.5872794,4,1970,240000,-6,1,8,415,1 Single Family'
40,3',267.4242512,2,1970,149000,-6,1,5,93,1 Single Family'
43,3',229.4902688,3,1975,-6,-6,1,6,393,6 Mobile Home'
45,3',233.5268145,3,1985,-6,-6,1,6,481.3333333,1 Single Family'
45,3',241.2048669,3,1985,16000,-6,1,6,295,6 Mobile Home'
41,3',280.4175523,1,1940,-6,-6,12,3,156,3 5-19 units'
-9,3',221.7510874,1,1950,-6,1,48,3,54,4 20-49 units'
79,3',318.9508487,2,1970,95000,-6,1,4,161.1666667,1 Single Family'
30,3',255.4696692,5,1995,-6,-6,1,8,268.3333333,1 Single Family'
-9,3',305.0830821,4,1970,-6,2,1,7,289,1 Single Family'
40,3',269.6700527,2,1950,-6,-6,1,6,173.8333333,1 Single Family'
80,3',318.9508487,3,1970,110000,-6,1,5,139,1 Single Family'
41,3',301.9935753,4,1975,-6,-6,1,8,479,1 Single Family'
70,3',317.5524411,2,1960,149000,-6,1,5,371.5833333,1 Single Family'
53,3',371.4153332,4,1960,130000,-6,1,9,383,1 Single Family'
60,3',295.5378035,3,1980,50000,-6,1,7,250.6666667,1 Single Family'
-9,3',230.5257675,4,1985,-6,1,1,7,628.3333333,1 Single Family'
-9,3',221.7510874,2,1950,-6,1,1,4,156,1 Single Family'
-9,3',305.0830821,3,1960,-6,1,1,6,748.6666667,1 Single Family'
33,3',508.416503,2,1960,150000,-6,1,5,276,1 Single Family'
40,3',213.3391529,2,1985,-6,-6,1,5,323.1666667,1 Single Family'
69,3',296.121486,4,1970,-6,-6,1,9,514,1 Single Family'
34,3',396.9771493,1,1920,-6,-6,14,3,151,3 5-19 units'
23,3',359.9427339,3,1950,-6,-6,1,7,206,1 Single Family'
49,3',284.2176978,3,1985,80000,-6,1,7,239.6666667,1 Single Family'
66,3',249.4431239,2,1950,35000,-6,1,5,239,1 Single Family'
31,3',613.488386,2,1990,149000,-6,1,5,125,1 Single Family'
36,3',277.3163416,3,1970,100000,-6,1,9,340.8333333,1 Single Family'
66,3',275.0985361,1,1950,1,-6,1,3,154,1 Single Family'
-9,3',304.2132903,3,1970,39000,3,1,5,72.08333333,1 Single Family'
52,3',352.2914951,1,1919,-6,-6,28,4,119,4 20-49 units'
57,3',332.2958032,4,1970,130000,-6,1,8,244,1 Single Family'
51,3',306.2614372,3,1975,95000,-6,1,7,209.1666667,1 Single Family'
60,3',249.7291611,2,1985,-6,-6,1,5,14,1 Single Family'
57,3',279.0796196,4,2000,106000,-6,1,8,100.6666667,1 Single Family'
63,3',332.2958032,3,1975,70000,-6,1,7,243.5,1 Single Family'
70,3',249.4431239,3,1970,81000,-6,1,7,216,1 Single Family'
93,3',248.6647106,1,1960,-6,-6,240,3,0,5 50+ units'
19,3',359.9427339,4,1960,-6,-6,1,9,387,1 Single Family'
58,3',325.506606,3,1940,100000,-6,1,6,347.5,1 Single Family'
43,3',265.2185568,4,1985,150000,-6,1,7,282.3333333,1 Single Family'
43,3',214.4187312,3,1980,-6,-6,1,7,216,1 Single Family'
50,3',238.8615553,3,1985,65000,-6,1,7,242.3333333,1 Single Family'
45,3',371.4153332,3,1970,100000,-6,1,6,351.0833333,1 Single Family'
70,3',384.4206606,3,1970,150000,-6,1,5,486.1666667,1 Single Family'
24,3',414.9229018,3,1950,-6,-6,1,6,248.8333333,1 Single Family'
-9,3',305.0830821,2,1975,-6,2,1,6,323.1666667,1 Single Family'
53,3',302.7889439,4,1985,50000,-6,1,8,279.5833333,1 Single Family'
54,3',284.2176978,3,1985,38000,-6,1,7,302.0833333,1 Single Family'
28,3',417.6087416,3,1940,-6,-6,4,6,303.75,2 2-4 units'
59,3',287.2750378,4,1980,175000,-6,1,7,432.5,1 Single Family'
77,3',264.4046069,1,1975,-6,-6,209,3,0,5 50+ units'
44,3',314.6776176,4,1980,200000,-6,1,8,278,1 Single Family'
62,3',372.686743,1,1940,-6,-6,6,3,63,3 5-19 units'
43,3',346.5872794,4,1975,100000,-6,1,9,438,1 Single Family'
78,3',318.9508487,3,1960,180000,-6,1,6,109.5,1 Single Family'
50,3',306.2614372,4,1970,200000,-6,1,9,249,1 Single Family'
60,3',267.3884725,3,1980,200000,-6,1,6,325,1 Single Family'
35,3',520.0551186,2,1995,-6,-6,1,4,0,6 Mobile Home'
87,3',339.5500407,3,1940,100000,-6,1,7,293.6666667,1 Single Family'
62,3',372.686743,1,1970,-6,-6,240,3,128,5 50+ units'
73,3',261.792644,4,1975,200000,-6,1,8,522.5,1 Single Family'
40,3',289.9826334,4,1985,125000,-6,1,8,287,1 Single Family'
43,3',214.4187312,2,1980,-6,-6,1,4,190,1 Single Family'
86,3',318.9508487,3,1975,149000,-6,1,6,129.1666667,1 Single Family'
45,3',278.0645025,3,1980,200000,-6,1,5,306.6666667,1 Single Family'
-9,3',272.7353808,3,1980,155990,3,1,6,19.16666667,1 Single Family'
56,3',325.506606,3,1950,250000,-6,1,7,196.0833333,1 Single Family'
64,3',326.3457564,2,1940,-6,-6,1,5,217.5,1 Single Family'
71,3',261.792644,4,1975,200000,-6,1,9,322.3333333,1 Single Family'
30,3',352.9207703,4,1940,-6,-6,1,8,337.3333333,1 Single Family'
74,3',256.521754,1,1980,-6,-6,90,3,0,5 50+ units'
53,3',209.571148,7,1980,190000,-6,1,11,768.1666667,1 Single Family'
33,3',439.2412266,3,1990,78000,-6,1,6,341.4166667,1 Single Family'
61,3',321.750983,1,1970,-6,-6,200,3,0,5 50+ units'
20,3',356.3106934,2,1950,-6,-6,6,5,350,3 5-19 units'
59,3',254.282308,4,1985,70000,-6,1,7,423,1 Single Family'
-9,3',229.8685386,3,1985,130000,3,1,7,5,1 Single Family'
61,3',242.1229432,3,1985,250000,-6,1,7,343,1 Single Family'
40,3',314.6776176,3,1980,106000,-6,1,5,233.6666667,1 Single Family'
43,3',289.9826334,3,1985,200000,-6,1,7,275,1 Single Family'
-9,3',304.2132903,4,1960,199000,3,1,9,61,1 Single Family'
63,3',348.173291,3,1990,-6,-6,1,5,330,6 Mobile Home'
41,3',228.4126285,3,1985,210000,-6,1,7,150,1 Single Family'
53,3',306.2614372,3,1975,130000,-6,1,6,340.3333333,1 Single Family'
62,3',307.1714801,3,1920,125000,-6,1,6,237.9166667,1 Single Family'
40,3',228.4126285,4,1985,100000,-6,1,9,224.6666667,1 Single Family'
23,3',306.4913398,2,1990,-6,-6,1,5,166.1666667,6 Mobile Home'
-9,3',230.5257675,6,1985,-6,1,1,9,337.3333333,1 Single Family'
54,3',305.1725501,4,1950,-6,-6,1,8,712,1 Single Family'
69,3',224.0992292,1,1980,-6,-6,6,3,107,3 5-19 units'
50,3',305.1725501,2,1970,-6,-6,1,4,178.8333333,1 Single Family'
30,3',405.0948319,4,1960,-6,-6,1,8,632,1 Single Family'
-9,3',221.7510874,3,1960,-6,1,1,6,712,1 Single Family'
-9,3',310.8471287,3,1960,50000,5,1,6,0,1 Single Family'
21,3',275.4385348,3,1985,-6,-6,1,5,289,1 Single Family'
35,3',378.9489439,2,1960,42200,-6,1,5,186,1 Single Family'
63,3',318.37576,3,1960,80000,-6,1,5,153.25,1 Single Family'
-9,3',304.2132903,4,1975,215000,3,1,10,54,1 Single Family'
45,3',306.2614372,4,1975,89000,-6,1,10,234.6666667,1 Single Family'
65,3',261.792644,4,1975,160000,-6,1,6,208.5833333,1 Single Family'
57,3',307.1714801,2,1975,50000,-6,1,4,122.25,1 Single Family'
34,3',412.4412334,3,1975,120000,-6,1,6,181.3333333,1 Single Family'
53,3',356.6311513,3,1980,68000,-6,1,6,426,1 Single Family'
61,3',318.37576,3,1960,250000,-6,1,7,299,1 Single Family'
87,3',318.9508487,3,1975,100000,-6,1,6,207.3333333,1 Single Family'
47,3',395.6842144,4,1975,80000,-6,1,7,225,1 Single Family'
57,3',295.5378035,4,1980,149000,-6,1,7,240,1 Single Family'
56,3',278.8907594,3,1980,80000,-6,1,6,284.5,1 Single Family'
46,3',212.1851433,4,1985,-6,-6,1,6,209.5833333,1 Single Family'
66,3',175.9178487,2,1985,-6,-6,8,4,117,3 5-19 units'
-9,3',221.7510874,2,1975,-6,1,4,4,226,2 2-4 units'
46,3',209.571148,3,1980,149000,-6,1,5,369,1 Single Family'
44,3',236.1617113,3,1950,-6,-6,1,7,141,1 Single Family'
21,3',461.6075183,2,1980,60000,-6,1,5,324,1 Single Family'
63,3',316.4059603,4,1970,50000,-6,1,8,220.8333333,1 Single Family'
27,3',415.1869216,3,1960,-6,-6,1,6,369,1 Single Family'
64,3',316.4059603,6,1960,200000,-6,1,11,372,1 Single Family'
44,3',298.4893382,3,1975,63000,-6,1,5,193,1 Single Family'
50,3',251.7543124,3,1980,-6,-6,1,6,294.5,1 Single Family'
60,3',235.0564532,3,1985,52000,-6,1,5,167,1 Single Family'
26,3',299.4776871,2,1950,-6,-6,1,4,307.0833333,1 Single Family'
41,3',231.0941716,3,1985,-6,-6,1,5,547.8333333,1 Single Family'
39,3',346.5872794,3,1940,260000,-6,1,9,446.4166667,1 Single Family'
60,3',301.7019317,3,1980,120000,-6,1,6,238.9166667,1 Single Family'
84,3',289.585623,2,1980,50000,-6,1,5,133,1 Single Family'
54,3',278.0645025,3,1980,150000,-6,1,6,376,1 Single Family'
25,3',412.4412334,3,1960,79000,-6,1,5,150.5,1 Single Family'
40,3',277.3163416,3,1960,325000,-6,1,7,179,1 Single Family'
-9,3',175.2987609,3,1950,12000,3,1,5,77,1 Single Family'
29,3',271.90532,3,1980,-6,-6,1,7,181.3333333,1 Single Family'
62,3',318.37576,4,1960,257000,-6,1,9,437.6666667,1 Single Family'
67,3',261.0076877,3,1975,-6,-6,1,6,206.5,1 Single Family'
71,3',318.9508487,4,1960,275000,-6,1,8,428.6666667,1 Single Family'
-9,3',272.7353808,2,1980,100000,3,1,5,200.6666667,1 Single Family'
34,3',302.0166465,3,1985,-6,-6,1,7,266.3333333,1 Single Family'
43,3',378.9489439,1,1950,30000,-6,12,5,188,3 5-19 units'
51,3',306.2614372,4,1960,350000,-6,1,9,438.1666667,1 Single Family'
43,3',314.6776176,4,1980,135000,-6,1,8,230,1 Single Family'
62,3',325.506606,4,1970,250000,-6,1,9,373.1666667,1 Single Family'
48,3',284.4966472,3,1980,-6,-6,1,6,244,1 Single Family'
22,3',412.4412334,3,1975,325000,-6,1,8,301.0833333,1 Single Family'
62,3',295.5378035,3,1980,125000,-6,1,5,189,1 Single Family'
40,3',299.3281348,3,1960,100000,-6,1,7,347,1 Single Family'
30,3',405.0948319,3,1950,-6,-6,1,6,257,1 Single Family'
40,3',272.8868057,3,1980,80000,-6,1,6,287.3333333,1 Single Family'
63,3',307.1714801,3,1950,50000,-6,1,5,215,1 Single Family'
50,3',176.632065,3,1985,100000,-6,1,5,402,1 Single Family'
32,3',350.7026881,3,1960,-6,-6,1,6,273,1 Single Family'
63,3',318.37576,4,1975,235000,-6,1,9,288.9166667,1 Single Family'
41,3',234.1437362,3,2000,-6,-6,1,6,250,1 Single Family'
37,3',212.2104424,3,1985,150000,-6,1,9,385.3333333,1 Single Family'
50,3',371.4153332,3,1960,300000,-6,1,7,406,1 Single Family'
64,3',307.1714801,2,1970,99000,-6,9,4,80,3 5-19 units'
67,3',318.9508487,3,1960,67000,-6,1,6,225.6666667,1 Single Family'
72,3',317.5524411,4,1960,400000,-6,1,8,437,1 Single Family'
60,3',318.37576,3,1975,250000,-6,1,7,195.25,1 Single Family'
25,3',335.0432774,3,1950,-6,-6,1,5,297.1666667,1 Single Family'
68,3',288.3159642,4,1980,300000,-6,1,7,403.6666667,1 Single Family'
47,3',306.2614372,5,1970,700000,-6,1,11,420.1666667,1 Single Family'
58,3',318.37576,3,1970,24000,-6,1,6,284.8333333,1 Single Family'
57,3',307.1714801,4,1960,250000,-6,1,9,412.3333333,1 Single Family'
27,3',415.4302783,4,1980,175000,-6,1,8,239,1 Single Family'
41,3',346.5872794,3,1950,375000,-6,1,8,268.4166667,1 Single Family'
74,3',282.0054151,3,1970,150000,-6,1,6,169,1 Single Family'
-9,3',304.2132903,3,1970,15000,3,1,5,0,6 Mobile Home'
58,3',318.37576,4,1970,286000,-6,1,8,303.6666667,1 Single Family'
26,3',293.5580906,3,1985,-6,-6,1,6,226.6666667,1 Single Family'
65,3',288.3159642,2,1980,30000,-6,1,7,200,1 Single Family'
49,3',284.2176978,4,1985,149000,-6,1,7,444,1 Single Family'
93,3',282.0054151,3,1950,70000,-6,1,6,260.1666667,1 Single Family'
49,3',350.2484665,2,1950,-6,-6,1,4,371.5,1 Single Family'
64,3',307.1714801,3,1960,220000,-6,1,6,717.3333333,1 Single Family'